{
    "ax": -18, 
    "ay": 0, 
    "az": 0, 
    "h": 0.8699999999999999, 
    "w": 0.94, 
    "x": 0.060000000000000005, 
    "y": 0.05, 
    "z": 0
}